{
	"miniprogramRoot": "miniprogram/",
	"cloudfunctionRoot": "cloudfunctions/",
	"setting": {
		"urlCheck": false,
		"es6": true,
		"postcss": true,
		"minified": true,
		"newFeature": true,
		"coverView": true,
		"autoAudits": false,
		"checkInvalidKey": true,
		"checkSiteMap": true,
		"uploadWithSourceMap": true,
		"babelSetting": {
			"ignore": [],
			"disablePlugins": [],
			"outputPath": ""
		},
		"uglifyFileName": true
	},
	"appid": "wxc7b2a4348dfc3de8",
	"projectname": "%E5%B8%AE%E5%B8%AE%E5%BF%99",
	"libVersion": "2.7.0",
	"simulatorType": "wechat",
	"simulatorPluginLibVersion": {},
	"condition": {
		"search": {
			"current": -1,
			"list": []
		},
		"conversation": {
			"current": -1,
			"list": []
		},
		"plugin": {
			"current": -1,
			"list": []
		},
		"game": {
			"list": []
		},
		"miniprogram": {
			"current": 4,
			"list": [
				{
					"id": -1,
					"name": "db guide",
					"pathName": "pages/databaseGuide/databaseGuide",
					"query": ""
				},
				{
					"id": -1,
					"name": "publish",
					"pathName": "pages/publish/publish",
					"query": "",
					"scene": null
				},
				{
					"id": -1,
					"name": "detail",
					"pathName": "pages/homeDetail/homeDetail",
					"query": "",
					"scene": null
				},
				{
					"id": -1,
					"name": "publish",
					"pathName": "pages/advance/advance",
					"query": "",
					"scene": null
				},
				{
					"id": -1,
					"name": "de",
					"pathName": "pages/homeDetail/homeDetail",
					"scene": null
				}
			]
		}
	}
}